strategy,predicted_gain,true_gain,predicted_gain_per_example,true_gain_per_example,abs_error,abs_error_per_example
disteval_right_tail,0.029299793421672056,0.020890199162539203,0.005859958684334411,0.00417803983250784,0.008409594259132853,0.0016819188518265708
mean_reward,0.0,0.0,0.0,0.0,0.0,0.0
random,0.018918209088409604,0.014399496995247285,0.003783641817681921,0.002879899399049457,0.004518712093162319,0.0009037424186324639
