round,spearman_rho,p_value
1,0.5,0.6666666666666667
2,0.5,0.6666666666666667
3,0.5,0.6666666666666667
4,0.5,0.6666666666666667
5,0.5,0.6666666666666667
