task,oracle_priority,selfengine_priority,gap_only_priority
task_1,0.04547094958057657,0.15156983193525506,0.3982802218501835
task_2,0.03289995640136949,0.1096665213378983,0.4363690639601221
task_3,0.0031091945624722906,0.01036398187490764,0.09237980654944229
task_4,0.02437126287483801,0.08123754291612671,0.39251286589565887
task_5,0.012104520656342049,0.04034840218780681,0.10765113470399565
task_6,0.008888025237947622,0.029626750793158747,0.21685911090466156
