{
  "default_gain": 0.020890199162539203,
  "bo_gain": 0.10511126354730882,
  "grid_best_gain": 0.10511126354730882,
  "bo_params": {
    "alpha": 0.7794886170764324,
    "dpo_bonus": 2.732802803305494,
    "k": 8.0
  },
  "grid_best_params": {
    "alpha": 0.6,
    "dpo_bonus": 3.0,
    "k": 8
  }
}