baseline,p_disteval_gt_baseline,mean_diff,cohens_d
random_sampling,0.8260000000000001,0.0021709684057716833,1.396849372492483
top_k_hardest,1.0,0.005870797703996518,8.018512824655389
all_tasks,1.0,0.004930796858327451,6.715411929819837
solid_only,1.0,0.005870797703996518,8.018512824655389
