{
  "n_bootstrap": 1000,
  "selection_size": 5,
  "comparisons": [
    {
      "baseline": "random_sampling",
      "p_disteval_gt_baseline": 0.8260000000000001,
      "mean_diff": 0.0021709684057716833,
      "cohens_d": 1.396849372492483
    },
    {
      "baseline": "top_k_hardest",
      "p_disteval_gt_baseline": 1.0,
      "mean_diff": 0.005870797703996518,
      "cohens_d": 8.018512824655389
    },
    {
      "baseline": "all_tasks",
      "p_disteval_gt_baseline": 1.0,
      "mean_diff": 0.004930796858327451,
      "cohens_d": 6.715411929819837
    },
    {
      "baseline": "solid_only",
      "p_disteval_gt_baseline": 1.0,
      "mean_diff": 0.005870797703996518,
      "cohens_d": 8.018512824655389
    }
  ]
}