metric,spearman_rho,p_value
iqm,-0.5,0.6666666666666667
cvar_0.1,0.5,0.6666666666666667
pass_hat_4,0.5,0.6666666666666667
kappa,0.5,0.6666666666666667
